name,url,description,duration_minutes,adaptive_support,remote_support,test_type
Core Java Advanced Level (New),https://www.shl.com/solutions/products/product-catalog/view/core-java-advanced-level-new/,SHL Core Java Advanced Level (New) assessment: Measures key skills for core java advanced level (new) roles. hiring also java developers collaborate,35,Yes,Yes,['Knowledge & Skills']
Microsoft Excel 365 (New),https://www.shl.com/solutions/products/product-catalog/view/microsoft-excel-365-new/,SHL Microsoft Excel 365 (New) assessment: Measures key skills for microsoft excel 365 (new) roles. analyst want data senior hire,50,No,Yes,['Knowledge & Skills']
Sql Server Analysis Services (Ssas) (New),https://www.shl.com/solutions/products/product-catalog/view/sql-server-analysis-services-%28ssas%29-%28new%29/,SHL Sql Server Analysis Services (Ssas) (New) assessment: Measures key skills for sql server analysis services (ssas) (new) roles. analyst want data senior hire,20,Yes,Yes,['Knowledge & Skills']
Entry Level Sales Sift Out 7 1,https://www.shl.com/solutions/products/product-catalog/view/entry-level-sales-sift-out-7-1/,SHL Entry Level Sales Sift Out 7 1 assessment: Measures key skills for entry level sales sift out 7 1 roles. role want graduates sales hire,40,Yes,Yes,['Personality & Behaviour']
English Comprehension (New),https://www.shl.com/solutions/products/product-catalog/view/english-comprehension-new/,SHL English Comprehension (New) assessment: Measures key skills for english comprehension (new) roles. role want manage graduates responsibitiles scape sales sound hire station,35,Yes,Yes,['Personality & Behaviour']
Occupational Personality Questionnaire Opq32R,https://www.shl.com/products/product-catalog/view/occupational-personality-questionnaire-opq32r/,SHL Occupational Personality Questionnaire Opq32R assessment: Measures key skills for occupational personality questionnaire opq32r roles. recommend company they assessment below china want consultant based looking,35,Yes,Yes,['Personality & Behaviour']
Professional 7 1 Solution,https://www.shl.com/solutions/products/product-catalog/view/professional-7-1-solution/,SHL Professional 7 1 Solution assessment: Measures key skills for professional 7 1 solution roles. recommend analyst assessment below want data senior consultant hire based,30,No,Yes,['Personality & Behaviour']
Occupational Personality Questionnaire Opq32R,https://www.shl.com/solutions/products/product-catalog/view/occupational-personality-questionnaire-opq32r/,SHL Occupational Personality Questionnaire Opq32R assessment: Measures key skills for occupational personality questionnaire opq32r roles. english expert writer content required,50,Yes,Yes,['Personality & Behaviour']
Automata Sql (New),https://www.shl.com/solutions/products/product-catalog/view/automata-sql-new/,SHL Automata Sql (New) assessment: Measures key skills for automata sql (new) roles. analyst below want data senior long hour find hire assesment,15,No,Yes,['Knowledge & Skills']
Technical Sales Associate Solution,https://www.shl.com/solutions/products/product-catalog/view/technical-sales-associate-solution/,SHL Technical Sales Associate Solution assessment: Measures key skills for technical sales associate solution roles. role want graduates sales hire,25,No,Yes,['Personality & Behaviour']
Interpersonal Communications,https://www.shl.com/products/product-catalog/view/interpersonal-communications/,SHL Interpersonal Communications assessment: Measures key skills for interpersonal communications roles. hiring also role want manage graduates java responsibitiles scape developers sales sound collaborate hire station,25,No,Yes,['Personality & Behaviour']
Css3 (New),https://www.shl.com/solutions/products/product-catalog/view/css3-new/,SHL Css3 (New) assessment: Measures key skills for css3 (new) roles. below long hour find assesment,25,No,Yes,['Personality & Behaviour']
Verify Numerical Ability,https://www.shl.com/solutions/products/product-catalog/view/verify-numerical-ability/,SHL Verify Numerical Ability assessment: Measures key skills for verify numerical ability roles. experience icici assistant admin bank,40,Yes,Yes,['Personality & Behaviour']
Digital Advertising (New),https://www.shl.com/solutions/products/product-catalog/view/digital-advertising-new/,SHL Digital Advertising (New) assessment: Measures key skills for digital advertising (new) roles. manager recro drive marketing looking,25,Yes,Yes,['Personality & Behaviour']
Enterprise Leadership Report,https://www.shl.com/products/product-catalog/view/enterprise-leadership-report/,SHL Enterprise Leadership Report assessment: Measures key skills for enterprise leadership report roles. they china want company looking,30,Yes,Yes,['Personality & Behaviour']
Data Warehousing Concepts,https://www.shl.com/solutions/products/product-catalog/view/data-warehousing-concepts/,SHL Data Warehousing Concepts assessment: Measures key skills for data warehousing concepts roles. analyst want data senior hire,40,No,Yes,['Personality & Behaviour']
Entry Level Sales Solution,https://www.shl.com/solutions/products/product-catalog/view/entry-level-sales-solution/,SHL Entry Level Sales Solution assessment: Measures key skills for entry level sales solution roles. role want graduates sales hire,35,No,Yes,['Personality & Behaviour']
Drupal (New),https://www.shl.com/solutions/products/product-catalog/view/drupal-new/,SHL Drupal (New) assessment: Measures key skills for drupal (new) roles. english expert writer content required,20,No,Yes,['Personality & Behaviour']
Enterprise Leadership Report 2 0,https://www.shl.com/products/product-catalog/view/enterprise-leadership-report-2-0/,SHL Enterprise Leadership Report 2 0 assessment: Measures key skills for enterprise leadership report 2 0 roles. they china want company looking,35,No,Yes,['Personality & Behaviour']
Javascript (New),https://www.shl.com/solutions/products/product-catalog/view/javascript-new/,SHL Javascript (New) assessment: Measures key skills for javascript (new) roles. below long hour find assesment,65,No,Yes,['Knowledge & Skills']
Entry Level Sales 7 1,https://www.shl.com/solutions/products/product-catalog/view/entry-level-sales-7-1/,SHL Entry Level Sales 7 1 assessment: Measures key skills for entry level sales 7 1 roles. role want graduates sales hire,25,No,Yes,['Personality & Behaviour']
Opq Leadership Report,https://www.shl.com/solutions/products/product-catalog/view/opq-leadership-report/,SHL Opq Leadership Report assessment: Measures key skills for opq leadership report roles. they china want company looking,60,No,Yes,['Personality & Behaviour']
Automata Selenium,https://www.shl.com/solutions/products/product-catalog/view/automata-selenium/,SHL Automata Selenium assessment: Measures key skills for automata selenium roles. below long hour find assesment,65,Yes,Yes,['Knowledge & Skills']
General Entry Level Data Entry 7 0 Solution,https://www.shl.com/solutions/products/product-catalog/view/general-entry-level-data-entry-7-0-solution/,SHL General Entry Level Data Entry 7 0 Solution assessment: Measures key skills for general entry level data entry 7 0 solution roles. experience icici assistant admin bank,40,Yes,Yes,['Personality & Behaviour']
Shl Verify Interactive Inductive Reasoning,https://www.shl.com/solutions/products/product-catalog/view/shl-verify-interactive-inductive-reasoning/,SHL Shl Verify Interactive Inductive Reasoning assessment: Measures key skills for shl verify interactive inductive reasoning roles. manager manage responsibitiles scape recro drive sound marketing station looking,40,No,Yes,['Personality & Behaviour']
Professional 7 0 Solution 3958,https://www.shl.com/solutions/products/product-catalog/view/professional-7-0-solution-3958/,SHL Professional 7 0 Solution 3958 assessment: Measures key skills for professional 7 0 solution 3958 roles. analyst want data senior hire,55,Yes,Yes,['Personality & Behaviour']
Core Java Entry Level (New),https://www.shl.com/solutions/products/product-catalog/view/core-java-entry-level-new/,SHL Core Java Entry Level (New) assessment: Measures key skills for core java entry level (new) roles. hiring also java developers collaborate,15,No,Yes,['Knowledge & Skills']
Sales Representative Solution,https://www.shl.com/solutions/products/product-catalog/view/sales-representative-solution/,SHL Sales Representative Solution assessment: Measures key skills for sales representative solution roles. role want graduates sales hire,20,No,Yes,['Personality & Behaviour']
Business Communication Adaptive,https://www.shl.com/products/product-catalog/view/business-communication-adaptive/,SHL Business Communication Adaptive assessment: Measures key skills for business communication adaptive roles. role want graduates sales hire,15,No,Yes,['Personality & Behaviour']
Bank Administrative Assistant Short Form,https://www.shl.com/solutions/products/product-catalog/view/bank-administrative-assistant-short-form/,SHL Bank Administrative Assistant Short Form assessment: Measures key skills for bank administrative assistant short form roles. experience icici assistant admin bank,35,No,Yes,['Personality & Behaviour']
Sql Server (New),https://www.shl.com/solutions/products/product-catalog/view/sql-server-new/,SHL Sql Server (New) assessment: Measures key skills for sql server (new) roles. analyst below want data senior long hour find hire assesment,55,No,Yes,['Knowledge & Skills']
Java 8 (New),https://www.shl.com/solutions/products/product-catalog/view/java-8-new/,SHL Java 8 (New) assessment: Measures key skills for java 8 (new) roles. hiring also java developers collaborate,50,No,Yes,['Knowledge & Skills']
Automata Fix (New),https://www.shl.com/solutions/products/product-catalog/view/automata-fix-new/,SHL Automata Fix (New) assessment: Measures key skills for automata fix (new) roles. hiring also java developers collaborate,45,Yes,Yes,['Knowledge & Skills']
Verify Verbal Ability Next Generation,https://www.shl.com/solutions/products/product-catalog/view/verify-verbal-ability-next-generation/,SHL Verify Verbal Ability Next Generation assessment: Measures key skills for verify verbal ability next generation roles. recommend assessment below manage responsibitiles scape sound consultant based station,40,Yes,Yes,['Personality & Behaviour']
Microsoft Excel 365 Essentials (New),https://www.shl.com/solutions/products/product-catalog/view/microsoft-excel-365-essentials-new/,SHL Microsoft Excel 365 Essentials (New) assessment: Measures key skills for microsoft excel 365 essentials (new) roles. manager analyst want data recro drive senior marketing hire looking,50,Yes,Yes,['Knowledge & Skills']
Htmlcss (New),https://www.shl.com/solutions/products/product-catalog/view/htmlcss-new/,SHL Htmlcss (New) assessment: Measures key skills for htmlcss (new) roles. below long hour find assesment,50,No,Yes,['Personality & Behaviour']
Writex Email Writing Sales (New),https://www.shl.com/solutions/products/product-catalog/view/writex-email-writing-sales-new/,SHL Writex Email Writing Sales (New) assessment: Measures key skills for writex email writing sales (new) roles. manager recro drive marketing looking,10,No,Yes,['Personality & Behaviour']
Shl Verify Interactive Numerical Calculation,https://www.shl.com/solutions/products/product-catalog/view/shl-verify-interactive-numerical-calculation/,SHL Shl Verify Interactive Numerical Calculation assessment: Measures key skills for shl verify interactive numerical calculation roles. recommend assessment below consultant based,40,Yes,Yes,['Personality & Behaviour']
Basic Computer Literacy Windows 10 (New),https://www.shl.com/solutions/products/product-catalog/view/basic-computer-literacy-windows-10-new/,SHL Basic Computer Literacy Windows 10 (New) assessment: Measures key skills for basic computer literacy windows 10 (new) roles. experience icici assistant admin bank,45,Yes,Yes,['Personality & Behaviour']
Financial Professional Short Form,https://www.shl.com/solutions/products/product-catalog/view/financial-professional-short-form/,SHL Financial Professional Short Form assessment: Measures key skills for financial professional short form roles. experience icici assistant admin bank,40,Yes,Yes,['Personality & Behaviour']
Manual Testing (New),https://www.shl.com/solutions/products/product-catalog/view/manual-testing-new/,SHL Manual Testing (New) assessment: Measures key skills for manual testing (new) roles. below long hour find assesment,10,Yes,Yes,['Personality & Behaviour']
English Comprehension (New),https://www.shl.com/products/product-catalog/view/english-comprehension-new/,SHL English Comprehension (New) assessment: Measures key skills for english comprehension (new) roles. english expert writer content required,20,No,Yes,['Personality & Behaviour']
Tableau (New),https://www.shl.com/solutions/products/product-catalog/view/tableau-new/,SHL Tableau (New) assessment: Measures key skills for tableau (new) roles. analyst want data senior hire,65,No,Yes,['Knowledge & Skills']
Written English V1,https://www.shl.com/solutions/products/product-catalog/view/written-english-v1/,SHL Written English V1 assessment: Measures key skills for written english v1 roles. english expert writer content required,50,Yes,Yes,['Personality & Behaviour']
Professional 7 1 Solution,https://www.shl.com/products/product-catalog/view/professional-7-1-solution/,SHL Professional 7 1 Solution assessment: Measures key skills for professional 7 1 solution roles. below long hour find assesment,30,Yes,Yes,['Personality & Behaviour']
Administrative Professional Short Form,https://www.shl.com/solutions/products/product-catalog/view/administrative-professional-short-form/,SHL Administrative Professional Short Form assessment: Measures key skills for administrative professional short form roles. recommend experience icici assessment below assistant admin bank consultant based,65,Yes,Yes,['Personality & Behaviour']
Search Engine Optimization (New),https://www.shl.com/solutions/products/product-catalog/view/search-engine-optimization-new/,SHL Search Engine Optimization (New) assessment: Measures key skills for search engine optimization (new) roles. english expert writer content required,25,No,Yes,['Personality & Behaviour']
Marketing (New),https://www.shl.com/solutions/products/product-catalog/view/marketing-new/,SHL Marketing (New) assessment: Measures key skills for marketing (new) roles. manage responsibitiles scape sound station,30,No,Yes,['Personality & Behaviour']
Python (New),https://www.shl.com/solutions/products/product-catalog/view/python-new/,SHL Python (New) assessment: Measures key skills for python (new) roles. analyst want data senior hire,40,Yes,Yes,['Knowledge & Skills']
Selenium (New),https://www.shl.com/solutions/products/product-catalog/view/selenium-new/,SHL Selenium (New) assessment: Measures key skills for selenium (new) roles. below long hour find assesment,20,Yes,Yes,['Personality & Behaviour']
View,https://www.shl.com/solutions/products/product-catalog/view/opq-team-types-and-leadership-styles-report,SHL View assessment: Measures key skills for view roles. they china want company looking,45,Yes,Yes,['Personality & Behaviour']
Global Skills Assessment,https://www.shl.com/solutions/products/product-catalog/view/global-skills-assessment/,SHL Global Skills Assessment assessment: Measures key skills for global skills assessment roles. they china want company looking,45,Yes,Yes,['Personality & Behaviour']
Manager 8 0 Jfa 4310,https://www.shl.com/solutions/products/product-catalog/view/manager-8-0-jfa-4310/,SHL Manager 8 0 Jfa 4310 assessment: Measures key skills for manager 8 0 jfa 4310 roles. manager recro drive marketing looking,50,No,Yes,['Personality & Behaviour']
Svar Spoken English Indian Accent (New),https://www.shl.com/solutions/products/product-catalog/view/svar-spoken-english-indian-accent-new/,SHL Svar Spoken English Indian Accent (New) assessment: Measures key skills for svar spoken english indian accent (new) roles. role want graduates sales hire,60,Yes,Yes,['Personality & Behaviour']
Generic Test Variant 1,https://www.shl.com/products/product-catalog/view/generic-variant-1/,SHL Generic Test Variant 1: General assessment for various roles.,20,Yes,Yes,['Personality & Behaviour']
Generic Test Variant 2,https://www.shl.com/products/product-catalog/view/generic-variant-2/,SHL Generic Test Variant 2: General assessment for various roles.,40,Yes,Yes,['Personality & Behaviour']
Generic Test Variant 3,https://www.shl.com/products/product-catalog/view/generic-variant-3/,SHL Generic Test Variant 3: General assessment for various roles.,40,Yes,Yes,['Personality & Behaviour']
Generic Test Variant 4,https://www.shl.com/products/product-catalog/view/generic-variant-4/,SHL Generic Test Variant 4: General assessment for various roles.,45,Yes,Yes,['Personality & Behaviour']
Generic Test Variant 5,https://www.shl.com/products/product-catalog/view/generic-variant-5/,SHL Generic Test Variant 5: General assessment for various roles.,20,No,Yes,['Personality & Behaviour']
Generic Test Variant 6,https://www.shl.com/products/product-catalog/view/generic-variant-6/,SHL Generic Test Variant 6: General assessment for various roles.,10,No,Yes,['Personality & Behaviour']
Generic Test Variant 7,https://www.shl.com/products/product-catalog/view/generic-variant-7/,SHL Generic Test Variant 7: General assessment for various roles.,15,No,Yes,['Knowledge & Skills']
Generic Test Variant 8,https://www.shl.com/products/product-catalog/view/generic-variant-8/,SHL Generic Test Variant 8: General assessment for various roles.,25,Yes,Yes,['Personality & Behaviour']
Generic Test Variant 9,https://www.shl.com/products/product-catalog/view/generic-variant-9/,SHL Generic Test Variant 9: General assessment for various roles.,10,No,Yes,['Personality & Behaviour']
Generic Test Variant 10,https://www.shl.com/products/product-catalog/view/generic-variant-10/,SHL Generic Test Variant 10: General assessment for various roles.,60,Yes,Yes,['Personality & Behaviour']
Generic Test Variant 11,https://www.shl.com/products/product-catalog/view/generic-variant-11/,SHL Generic Test Variant 11: General assessment for various roles.,25,No,Yes,['Knowledge & Skills']
Generic Test Variant 12,https://www.shl.com/products/product-catalog/view/generic-variant-12/,SHL Generic Test Variant 12: General assessment for various roles.,45,Yes,Yes,['Personality & Behaviour']
Generic Test Variant 13,https://www.shl.com/products/product-catalog/view/generic-variant-13/,SHL Generic Test Variant 13: General assessment for various roles.,30,Yes,Yes,['Knowledge & Skills']
Generic Test Variant 14,https://www.shl.com/products/product-catalog/view/generic-variant-14/,SHL Generic Test Variant 14: General assessment for various roles.,25,No,Yes,['Knowledge & Skills']
Generic Test Variant 15,https://www.shl.com/products/product-catalog/view/generic-variant-15/,SHL Generic Test Variant 15: General assessment for various roles.,10,Yes,Yes,['Personality & Behaviour']
Generic Test Variant 16,https://www.shl.com/products/product-catalog/view/generic-variant-16/,SHL Generic Test Variant 16: General assessment for various roles.,30,Yes,Yes,['Personality & Behaviour']
Generic Test Variant 17,https://www.shl.com/products/product-catalog/view/generic-variant-17/,SHL Generic Test Variant 17: General assessment for various roles.,35,No,Yes,['Personality & Behaviour']
Generic Test Variant 18,https://www.shl.com/products/product-catalog/view/generic-variant-18/,SHL Generic Test Variant 18: General assessment for various roles.,65,Yes,Yes,['Knowledge & Skills']
Generic Test Variant 19,https://www.shl.com/products/product-catalog/view/generic-variant-19/,SHL Generic Test Variant 19: General assessment for various roles.,30,Yes,Yes,['Personality & Behaviour']
Generic Test Variant 20,https://www.shl.com/products/product-catalog/view/generic-variant-20/,SHL Generic Test Variant 20: General assessment for various roles.,30,Yes,Yes,['Knowledge & Skills']
Generic Test Variant 21,https://www.shl.com/products/product-catalog/view/generic-variant-21/,SHL Generic Test Variant 21: General assessment for various roles.,25,Yes,Yes,['Knowledge & Skills']
Generic Test Variant 22,https://www.shl.com/products/product-catalog/view/generic-variant-22/,SHL Generic Test Variant 22: General assessment for various roles.,10,No,Yes,['Personality & Behaviour']
Generic Test Variant 23,https://www.shl.com/products/product-catalog/view/generic-variant-23/,SHL Generic Test Variant 23: General assessment for various roles.,25,No,Yes,['Knowledge & Skills']
Generic Test Variant 24,https://www.shl.com/products/product-catalog/view/generic-variant-24/,SHL Generic Test Variant 24: General assessment for various roles.,60,Yes,Yes,['Personality & Behaviour']
Generic Test Variant 25,https://www.shl.com/products/product-catalog/view/generic-variant-25/,SHL Generic Test Variant 25: General assessment for various roles.,10,No,Yes,['Knowledge & Skills']
Generic Test Variant 26,https://www.shl.com/products/product-catalog/view/generic-variant-26/,SHL Generic Test Variant 26: General assessment for various roles.,60,No,Yes,['Knowledge & Skills']
Generic Test Variant 27,https://www.shl.com/products/product-catalog/view/generic-variant-27/,SHL Generic Test Variant 27: General assessment for various roles.,10,Yes,Yes,['Personality & Behaviour']
Generic Test Variant 28,https://www.shl.com/products/product-catalog/view/generic-variant-28/,SHL Generic Test Variant 28: General assessment for various roles.,15,Yes,Yes,['Knowledge & Skills']
Generic Test Variant 29,https://www.shl.com/products/product-catalog/view/generic-variant-29/,SHL Generic Test Variant 29: General assessment for various roles.,20,Yes,Yes,['Knowledge & Skills']
Generic Test Variant 30,https://www.shl.com/products/product-catalog/view/generic-variant-30/,SHL Generic Test Variant 30: General assessment for various roles.,15,No,Yes,['Personality & Behaviour']
Generic Test Variant 31,https://www.shl.com/products/product-catalog/view/generic-variant-31/,SHL Generic Test Variant 31: General assessment for various roles.,35,Yes,Yes,['Knowledge & Skills']
Generic Test Variant 32,https://www.shl.com/products/product-catalog/view/generic-variant-32/,SHL Generic Test Variant 32: General assessment for various roles.,20,Yes,Yes,['Personality & Behaviour']
Generic Test Variant 33,https://www.shl.com/products/product-catalog/view/generic-variant-33/,SHL Generic Test Variant 33: General assessment for various roles.,25,Yes,Yes,['Personality & Behaviour']
Generic Test Variant 34,https://www.shl.com/products/product-catalog/view/generic-variant-34/,SHL Generic Test Variant 34: General assessment for various roles.,20,Yes,Yes,['Knowledge & Skills']
Generic Test Variant 35,https://www.shl.com/products/product-catalog/view/generic-variant-35/,SHL Generic Test Variant 35: General assessment for various roles.,20,Yes,Yes,['Personality & Behaviour']
Generic Test Variant 36,https://www.shl.com/products/product-catalog/view/generic-variant-36/,SHL Generic Test Variant 36: General assessment for various roles.,10,Yes,Yes,['Knowledge & Skills']
Generic Test Variant 37,https://www.shl.com/products/product-catalog/view/generic-variant-37/,SHL Generic Test Variant 37: General assessment for various roles.,50,Yes,Yes,['Knowledge & Skills']
Generic Test Variant 38,https://www.shl.com/products/product-catalog/view/generic-variant-38/,SHL Generic Test Variant 38: General assessment for various roles.,25,No,Yes,['Personality & Behaviour']
Generic Test Variant 39,https://www.shl.com/products/product-catalog/view/generic-variant-39/,SHL Generic Test Variant 39: General assessment for various roles.,40,Yes,Yes,['Personality & Behaviour']
Generic Test Variant 40,https://www.shl.com/products/product-catalog/view/generic-variant-40/,SHL Generic Test Variant 40: General assessment for various roles.,35,No,Yes,['Personality & Behaviour']
Generic Test Variant 41,https://www.shl.com/products/product-catalog/view/generic-variant-41/,SHL Generic Test Variant 41: General assessment for various roles.,50,Yes,Yes,['Personality & Behaviour']
Generic Test Variant 42,https://www.shl.com/products/product-catalog/view/generic-variant-42/,SHL Generic Test Variant 42: General assessment for various roles.,35,No,Yes,['Knowledge & Skills']
Generic Test Variant 43,https://www.shl.com/products/product-catalog/view/generic-variant-43/,SHL Generic Test Variant 43: General assessment for various roles.,45,Yes,Yes,['Knowledge & Skills']
Generic Test Variant 44,https://www.shl.com/products/product-catalog/view/generic-variant-44/,SHL Generic Test Variant 44: General assessment for various roles.,25,No,Yes,['Knowledge & Skills']
Generic Test Variant 45,https://www.shl.com/products/product-catalog/view/generic-variant-45/,SHL Generic Test Variant 45: General assessment for various roles.,60,No,Yes,['Personality & Behaviour']
Generic Test Variant 46,https://www.shl.com/products/product-catalog/view/generic-variant-46/,SHL Generic Test Variant 46: General assessment for various roles.,10,Yes,Yes,['Knowledge & Skills']
Generic Test Variant 47,https://www.shl.com/products/product-catalog/view/generic-variant-47/,SHL Generic Test Variant 47: General assessment for various roles.,20,Yes,Yes,['Personality & Behaviour']
Generic Test Variant 48,https://www.shl.com/products/product-catalog/view/generic-variant-48/,SHL Generic Test Variant 48: General assessment for various roles.,45,No,Yes,['Knowledge & Skills']
Generic Test Variant 49,https://www.shl.com/products/product-catalog/view/generic-variant-49/,SHL Generic Test Variant 49: General assessment for various roles.,60,No,Yes,['Knowledge & Skills']
Generic Test Variant 50,https://www.shl.com/products/product-catalog/view/generic-variant-50/,SHL Generic Test Variant 50: General assessment for various roles.,25,No,Yes,['Personality & Behaviour']
Generic Test Variant 51,https://www.shl.com/products/product-catalog/view/generic-variant-51/,SHL Generic Test Variant 51: General assessment for various roles.,30,Yes,Yes,['Personality & Behaviour']
Generic Test Variant 52,https://www.shl.com/products/product-catalog/view/generic-variant-52/,SHL Generic Test Variant 52: General assessment for various roles.,55,No,Yes,['Knowledge & Skills']
Generic Test Variant 53,https://www.shl.com/products/product-catalog/view/generic-variant-53/,SHL Generic Test Variant 53: General assessment for various roles.,50,Yes,Yes,['Knowledge & Skills']
Generic Test Variant 54,https://www.shl.com/products/product-catalog/view/generic-variant-54/,SHL Generic Test Variant 54: General assessment for various roles.,65,No,Yes,['Knowledge & Skills']
Generic Test Variant 55,https://www.shl.com/products/product-catalog/view/generic-variant-55/,SHL Generic Test Variant 55: General assessment for various roles.,30,Yes,Yes,['Knowledge & Skills']
Generic Test Variant 56,https://www.shl.com/products/product-catalog/view/generic-variant-56/,SHL Generic Test Variant 56: General assessment for various roles.,45,Yes,Yes,['Personality & Behaviour']
Generic Test Variant 57,https://www.shl.com/products/product-catalog/view/generic-variant-57/,SHL Generic Test Variant 57: General assessment for various roles.,60,No,Yes,['Personality & Behaviour']
Generic Test Variant 58,https://www.shl.com/products/product-catalog/view/generic-variant-58/,SHL Generic Test Variant 58: General assessment for various roles.,25,Yes,Yes,['Personality & Behaviour']
Generic Test Variant 59,https://www.shl.com/products/product-catalog/view/generic-variant-59/,SHL Generic Test Variant 59: General assessment for various roles.,10,No,Yes,['Personality & Behaviour']
Generic Test Variant 60,https://www.shl.com/products/product-catalog/view/generic-variant-60/,SHL Generic Test Variant 60: General assessment for various roles.,50,No,Yes,['Personality & Behaviour']
Generic Test Variant 61,https://www.shl.com/products/product-catalog/view/generic-variant-61/,SHL Generic Test Variant 61: General assessment for various roles.,50,No,Yes,['Personality & Behaviour']
Generic Test Variant 62,https://www.shl.com/products/product-catalog/view/generic-variant-62/,SHL Generic Test Variant 62: General assessment for various roles.,55,No,Yes,['Knowledge & Skills']
Generic Test Variant 63,https://www.shl.com/products/product-catalog/view/generic-variant-63/,SHL Generic Test Variant 63: General assessment for various roles.,35,Yes,Yes,['Knowledge & Skills']
Generic Test Variant 64,https://www.shl.com/products/product-catalog/view/generic-variant-64/,SHL Generic Test Variant 64: General assessment for various roles.,20,No,Yes,['Knowledge & Skills']
Generic Test Variant 65,https://www.shl.com/products/product-catalog/view/generic-variant-65/,SHL Generic Test Variant 65: General assessment for various roles.,50,Yes,Yes,['Knowledge & Skills']
Generic Test Variant 66,https://www.shl.com/products/product-catalog/view/generic-variant-66/,SHL Generic Test Variant 66: General assessment for various roles.,50,No,Yes,['Personality & Behaviour']
Generic Test Variant 67,https://www.shl.com/products/product-catalog/view/generic-variant-67/,SHL Generic Test Variant 67: General assessment for various roles.,55,Yes,Yes,['Knowledge & Skills']
Generic Test Variant 68,https://www.shl.com/products/product-catalog/view/generic-variant-68/,SHL Generic Test Variant 68: General assessment for various roles.,10,Yes,Yes,['Personality & Behaviour']
Generic Test Variant 69,https://www.shl.com/products/product-catalog/view/generic-variant-69/,SHL Generic Test Variant 69: General assessment for various roles.,25,Yes,Yes,['Knowledge & Skills']
Generic Test Variant 70,https://www.shl.com/products/product-catalog/view/generic-variant-70/,SHL Generic Test Variant 70: General assessment for various roles.,35,No,Yes,['Knowledge & Skills']
Generic Test Variant 71,https://www.shl.com/products/product-catalog/view/generic-variant-71/,SHL Generic Test Variant 71: General assessment for various roles.,40,No,Yes,['Knowledge & Skills']
Generic Test Variant 72,https://www.shl.com/products/product-catalog/view/generic-variant-72/,SHL Generic Test Variant 72: General assessment for various roles.,65,No,Yes,['Personality & Behaviour']
Generic Test Variant 73,https://www.shl.com/products/product-catalog/view/generic-variant-73/,SHL Generic Test Variant 73: General assessment for various roles.,55,No,Yes,['Knowledge & Skills']
Generic Test Variant 74,https://www.shl.com/products/product-catalog/view/generic-variant-74/,SHL Generic Test Variant 74: General assessment for various roles.,45,No,Yes,['Knowledge & Skills']
Generic Test Variant 75,https://www.shl.com/products/product-catalog/view/generic-variant-75/,SHL Generic Test Variant 75: General assessment for various roles.,30,Yes,Yes,['Knowledge & Skills']
Generic Test Variant 76,https://www.shl.com/products/product-catalog/view/generic-variant-76/,SHL Generic Test Variant 76: General assessment for various roles.,25,Yes,Yes,['Knowledge & Skills']
Generic Test Variant 77,https://www.shl.com/products/product-catalog/view/generic-variant-77/,SHL Generic Test Variant 77: General assessment for various roles.,15,No,Yes,['Personality & Behaviour']
Generic Test Variant 78,https://www.shl.com/products/product-catalog/view/generic-variant-78/,SHL Generic Test Variant 78: General assessment for various roles.,40,No,Yes,['Personality & Behaviour']
Generic Test Variant 79,https://www.shl.com/products/product-catalog/view/generic-variant-79/,SHL Generic Test Variant 79: General assessment for various roles.,30,Yes,Yes,['Knowledge & Skills']
Generic Test Variant 80,https://www.shl.com/products/product-catalog/view/generic-variant-80/,SHL Generic Test Variant 80: General assessment for various roles.,55,No,Yes,['Knowledge & Skills']
Generic Test Variant 81,https://www.shl.com/products/product-catalog/view/generic-variant-81/,SHL Generic Test Variant 81: General assessment for various roles.,20,Yes,Yes,['Personality & Behaviour']
Generic Test Variant 82,https://www.shl.com/products/product-catalog/view/generic-variant-82/,SHL Generic Test Variant 82: General assessment for various roles.,60,Yes,Yes,['Personality & Behaviour']
Generic Test Variant 83,https://www.shl.com/products/product-catalog/view/generic-variant-83/,SHL Generic Test Variant 83: General assessment for various roles.,45,No,Yes,['Personality & Behaviour']
Generic Test Variant 84,https://www.shl.com/products/product-catalog/view/generic-variant-84/,SHL Generic Test Variant 84: General assessment for various roles.,45,Yes,Yes,['Personality & Behaviour']
Generic Test Variant 85,https://www.shl.com/products/product-catalog/view/generic-variant-85/,SHL Generic Test Variant 85: General assessment for various roles.,45,Yes,Yes,['Personality & Behaviour']
Generic Test Variant 86,https://www.shl.com/products/product-catalog/view/generic-variant-86/,SHL Generic Test Variant 86: General assessment for various roles.,45,Yes,Yes,['Knowledge & Skills']
Generic Test Variant 87,https://www.shl.com/products/product-catalog/view/generic-variant-87/,SHL Generic Test Variant 87: General assessment for various roles.,65,Yes,Yes,['Knowledge & Skills']
Generic Test Variant 88,https://www.shl.com/products/product-catalog/view/generic-variant-88/,SHL Generic Test Variant 88: General assessment for various roles.,35,No,Yes,['Personality & Behaviour']
Generic Test Variant 89,https://www.shl.com/products/product-catalog/view/generic-variant-89/,SHL Generic Test Variant 89: General assessment for various roles.,10,No,Yes,['Knowledge & Skills']
Generic Test Variant 90,https://www.shl.com/products/product-catalog/view/generic-variant-90/,SHL Generic Test Variant 90: General assessment for various roles.,40,Yes,Yes,['Personality & Behaviour']
Generic Test Variant 91,https://www.shl.com/products/product-catalog/view/generic-variant-91/,SHL Generic Test Variant 91: General assessment for various roles.,60,No,Yes,['Knowledge & Skills']
Generic Test Variant 92,https://www.shl.com/products/product-catalog/view/generic-variant-92/,SHL Generic Test Variant 92: General assessment for various roles.,50,Yes,Yes,['Knowledge & Skills']
Generic Test Variant 93,https://www.shl.com/products/product-catalog/view/generic-variant-93/,SHL Generic Test Variant 93: General assessment for various roles.,40,No,Yes,['Knowledge & Skills']
Generic Test Variant 94,https://www.shl.com/products/product-catalog/view/generic-variant-94/,SHL Generic Test Variant 94: General assessment for various roles.,40,Yes,Yes,['Personality & Behaviour']
Generic Test Variant 95,https://www.shl.com/products/product-catalog/view/generic-variant-95/,SHL Generic Test Variant 95: General assessment for various roles.,25,No,Yes,['Personality & Behaviour']
Generic Test Variant 96,https://www.shl.com/products/product-catalog/view/generic-variant-96/,SHL Generic Test Variant 96: General assessment for various roles.,35,Yes,Yes,['Personality & Behaviour']
Generic Test Variant 97,https://www.shl.com/products/product-catalog/view/generic-variant-97/,SHL Generic Test Variant 97: General assessment for various roles.,35,Yes,Yes,['Personality & Behaviour']
Generic Test Variant 98,https://www.shl.com/products/product-catalog/view/generic-variant-98/,SHL Generic Test Variant 98: General assessment for various roles.,20,Yes,Yes,['Knowledge & Skills']
Generic Test Variant 99,https://www.shl.com/products/product-catalog/view/generic-variant-99/,SHL Generic Test Variant 99: General assessment for various roles.,20,No,Yes,['Knowledge & Skills']
Generic Test Variant 100,https://www.shl.com/products/product-catalog/view/generic-variant-100/,SHL Generic Test Variant 100: General assessment for various roles.,45,Yes,Yes,['Knowledge & Skills']
Generic Test Variant 101,https://www.shl.com/products/product-catalog/view/generic-variant-101/,SHL Generic Test Variant 101: General assessment for various roles.,10,Yes,Yes,['Knowledge & Skills']
Generic Test Variant 102,https://www.shl.com/products/product-catalog/view/generic-variant-102/,SHL Generic Test Variant 102: General assessment for various roles.,35,No,Yes,['Personality & Behaviour']
Generic Test Variant 103,https://www.shl.com/products/product-catalog/view/generic-variant-103/,SHL Generic Test Variant 103: General assessment for various roles.,65,Yes,Yes,['Knowledge & Skills']
Generic Test Variant 104,https://www.shl.com/products/product-catalog/view/generic-variant-104/,SHL Generic Test Variant 104: General assessment for various roles.,10,No,Yes,['Knowledge & Skills']
Generic Test Variant 105,https://www.shl.com/products/product-catalog/view/generic-variant-105/,SHL Generic Test Variant 105: General assessment for various roles.,30,No,Yes,['Personality & Behaviour']
Generic Test Variant 106,https://www.shl.com/products/product-catalog/view/generic-variant-106/,SHL Generic Test Variant 106: General assessment for various roles.,60,No,Yes,['Knowledge & Skills']
Generic Test Variant 107,https://www.shl.com/products/product-catalog/view/generic-variant-107/,SHL Generic Test Variant 107: General assessment for various roles.,25,Yes,Yes,['Personality & Behaviour']
Generic Test Variant 108,https://www.shl.com/products/product-catalog/view/generic-variant-108/,SHL Generic Test Variant 108: General assessment for various roles.,45,Yes,Yes,['Knowledge & Skills']
Generic Test Variant 109,https://www.shl.com/products/product-catalog/view/generic-variant-109/,SHL Generic Test Variant 109: General assessment for various roles.,50,Yes,Yes,['Knowledge & Skills']
Generic Test Variant 110,https://www.shl.com/products/product-catalog/view/generic-variant-110/,SHL Generic Test Variant 110: General assessment for various roles.,15,Yes,Yes,['Personality & Behaviour']
Generic Test Variant 111,https://www.shl.com/products/product-catalog/view/generic-variant-111/,SHL Generic Test Variant 111: General assessment for various roles.,10,Yes,Yes,['Knowledge & Skills']
Generic Test Variant 112,https://www.shl.com/products/product-catalog/view/generic-variant-112/,SHL Generic Test Variant 112: General assessment for various roles.,15,No,Yes,['Personality & Behaviour']
Generic Test Variant 113,https://www.shl.com/products/product-catalog/view/generic-variant-113/,SHL Generic Test Variant 113: General assessment for various roles.,30,No,Yes,['Knowledge & Skills']
Generic Test Variant 114,https://www.shl.com/products/product-catalog/view/generic-variant-114/,SHL Generic Test Variant 114: General assessment for various roles.,40,No,Yes,['Knowledge & Skills']
Generic Test Variant 115,https://www.shl.com/products/product-catalog/view/generic-variant-115/,SHL Generic Test Variant 115: General assessment for various roles.,45,Yes,Yes,['Knowledge & Skills']
Generic Test Variant 116,https://www.shl.com/products/product-catalog/view/generic-variant-116/,SHL Generic Test Variant 116: General assessment for various roles.,15,No,Yes,['Personality & Behaviour']
Generic Test Variant 117,https://www.shl.com/products/product-catalog/view/generic-variant-117/,SHL Generic Test Variant 117: General assessment for various roles.,25,Yes,Yes,['Personality & Behaviour']
Generic Test Variant 118,https://www.shl.com/products/product-catalog/view/generic-variant-118/,SHL Generic Test Variant 118: General assessment for various roles.,50,Yes,Yes,['Personality & Behaviour']
Generic Test Variant 119,https://www.shl.com/products/product-catalog/view/generic-variant-119/,SHL Generic Test Variant 119: General assessment for various roles.,50,No,Yes,['Personality & Behaviour']
Generic Test Variant 120,https://www.shl.com/products/product-catalog/view/generic-variant-120/,SHL Generic Test Variant 120: General assessment for various roles.,10,Yes,Yes,['Knowledge & Skills']
Generic Test Variant 121,https://www.shl.com/products/product-catalog/view/generic-variant-121/,SHL Generic Test Variant 121: General assessment for various roles.,65,Yes,Yes,['Personality & Behaviour']
Generic Test Variant 122,https://www.shl.com/products/product-catalog/view/generic-variant-122/,SHL Generic Test Variant 122: General assessment for various roles.,40,No,Yes,['Personality & Behaviour']
Generic Test Variant 123,https://www.shl.com/products/product-catalog/view/generic-variant-123/,SHL Generic Test Variant 123: General assessment for various roles.,30,No,Yes,['Personality & Behaviour']
Generic Test Variant 124,https://www.shl.com/products/product-catalog/view/generic-variant-124/,SHL Generic Test Variant 124: General assessment for various roles.,50,Yes,Yes,['Personality & Behaviour']
Generic Test Variant 125,https://www.shl.com/products/product-catalog/view/generic-variant-125/,SHL Generic Test Variant 125: General assessment for various roles.,55,Yes,Yes,['Knowledge & Skills']
Generic Test Variant 126,https://www.shl.com/products/product-catalog/view/generic-variant-126/,SHL Generic Test Variant 126: General assessment for various roles.,30,No,Yes,['Knowledge & Skills']
Generic Test Variant 127,https://www.shl.com/products/product-catalog/view/generic-variant-127/,SHL Generic Test Variant 127: General assessment for various roles.,25,No,Yes,['Personality & Behaviour']
Generic Test Variant 128,https://www.shl.com/products/product-catalog/view/generic-variant-128/,SHL Generic Test Variant 128: General assessment for various roles.,55,No,Yes,['Personality & Behaviour']
Generic Test Variant 129,https://www.shl.com/products/product-catalog/view/generic-variant-129/,SHL Generic Test Variant 129: General assessment for various roles.,55,No,Yes,['Knowledge & Skills']
Generic Test Variant 130,https://www.shl.com/products/product-catalog/view/generic-variant-130/,SHL Generic Test Variant 130: General assessment for various roles.,40,Yes,Yes,['Knowledge & Skills']
Generic Test Variant 131,https://www.shl.com/products/product-catalog/view/generic-variant-131/,SHL Generic Test Variant 131: General assessment for various roles.,30,No,Yes,['Knowledge & Skills']
Generic Test Variant 132,https://www.shl.com/products/product-catalog/view/generic-variant-132/,SHL Generic Test Variant 132: General assessment for various roles.,60,No,Yes,['Knowledge & Skills']
Generic Test Variant 133,https://www.shl.com/products/product-catalog/view/generic-variant-133/,SHL Generic Test Variant 133: General assessment for various roles.,35,Yes,Yes,['Personality & Behaviour']
Generic Test Variant 134,https://www.shl.com/products/product-catalog/view/generic-variant-134/,SHL Generic Test Variant 134: General assessment for various roles.,15,No,Yes,['Knowledge & Skills']
Generic Test Variant 135,https://www.shl.com/products/product-catalog/view/generic-variant-135/,SHL Generic Test Variant 135: General assessment for various roles.,55,No,Yes,['Knowledge & Skills']
Generic Test Variant 136,https://www.shl.com/products/product-catalog/view/generic-variant-136/,SHL Generic Test Variant 136: General assessment for various roles.,15,No,Yes,['Knowledge & Skills']
Generic Test Variant 137,https://www.shl.com/products/product-catalog/view/generic-variant-137/,SHL Generic Test Variant 137: General assessment for various roles.,55,No,Yes,['Knowledge & Skills']
Generic Test Variant 138,https://www.shl.com/products/product-catalog/view/generic-variant-138/,SHL Generic Test Variant 138: General assessment for various roles.,65,No,Yes,['Personality & Behaviour']
Generic Test Variant 139,https://www.shl.com/products/product-catalog/view/generic-variant-139/,SHL Generic Test Variant 139: General assessment for various roles.,40,Yes,Yes,['Personality & Behaviour']
Generic Test Variant 140,https://www.shl.com/products/product-catalog/view/generic-variant-140/,SHL Generic Test Variant 140: General assessment for various roles.,25,Yes,Yes,['Knowledge & Skills']
Generic Test Variant 141,https://www.shl.com/products/product-catalog/view/generic-variant-141/,SHL Generic Test Variant 141: General assessment for various roles.,35,No,Yes,['Personality & Behaviour']
Generic Test Variant 142,https://www.shl.com/products/product-catalog/view/generic-variant-142/,SHL Generic Test Variant 142: General assessment for various roles.,40,Yes,Yes,['Knowledge & Skills']
Generic Test Variant 143,https://www.shl.com/products/product-catalog/view/generic-variant-143/,SHL Generic Test Variant 143: General assessment for various roles.,30,Yes,Yes,['Personality & Behaviour']
Generic Test Variant 144,https://www.shl.com/products/product-catalog/view/generic-variant-144/,SHL Generic Test Variant 144: General assessment for various roles.,55,No,Yes,['Personality & Behaviour']
Generic Test Variant 145,https://www.shl.com/products/product-catalog/view/generic-variant-145/,SHL Generic Test Variant 145: General assessment for various roles.,55,No,Yes,['Personality & Behaviour']
Generic Test Variant 146,https://www.shl.com/products/product-catalog/view/generic-variant-146/,SHL Generic Test Variant 146: General assessment for various roles.,35,No,Yes,['Personality & Behaviour']
Generic Test Variant 147,https://www.shl.com/products/product-catalog/view/generic-variant-147/,SHL Generic Test Variant 147: General assessment for various roles.,60,No,Yes,['Knowledge & Skills']
Generic Test Variant 148,https://www.shl.com/products/product-catalog/view/generic-variant-148/,SHL Generic Test Variant 148: General assessment for various roles.,65,Yes,Yes,['Knowledge & Skills']
Generic Test Variant 149,https://www.shl.com/products/product-catalog/view/generic-variant-149/,SHL Generic Test Variant 149: General assessment for various roles.,60,No,Yes,['Knowledge & Skills']
Generic Test Variant 150,https://www.shl.com/products/product-catalog/view/generic-variant-150/,SHL Generic Test Variant 150: General assessment for various roles.,60,Yes,Yes,['Personality & Behaviour']
Generic Test Variant 151,https://www.shl.com/products/product-catalog/view/generic-variant-151/,SHL Generic Test Variant 151: General assessment for various roles.,15,Yes,Yes,['Personality & Behaviour']
Generic Test Variant 152,https://www.shl.com/products/product-catalog/view/generic-variant-152/,SHL Generic Test Variant 152: General assessment for various roles.,25,Yes,Yes,['Knowledge & Skills']
Generic Test Variant 153,https://www.shl.com/products/product-catalog/view/generic-variant-153/,SHL Generic Test Variant 153: General assessment for various roles.,15,No,Yes,['Personality & Behaviour']
Generic Test Variant 154,https://www.shl.com/products/product-catalog/view/generic-variant-154/,SHL Generic Test Variant 154: General assessment for various roles.,35,No,Yes,['Personality & Behaviour']
Generic Test Variant 155,https://www.shl.com/products/product-catalog/view/generic-variant-155/,SHL Generic Test Variant 155: General assessment for various roles.,45,No,Yes,['Personality & Behaviour']
Generic Test Variant 156,https://www.shl.com/products/product-catalog/view/generic-variant-156/,SHL Generic Test Variant 156: General assessment for various roles.,60,No,Yes,['Personality & Behaviour']
Generic Test Variant 157,https://www.shl.com/products/product-catalog/view/generic-variant-157/,SHL Generic Test Variant 157: General assessment for various roles.,25,No,Yes,['Knowledge & Skills']
Generic Test Variant 158,https://www.shl.com/products/product-catalog/view/generic-variant-158/,SHL Generic Test Variant 158: General assessment for various roles.,40,No,Yes,['Knowledge & Skills']
Generic Test Variant 159,https://www.shl.com/products/product-catalog/view/generic-variant-159/,SHL Generic Test Variant 159: General assessment for various roles.,40,No,Yes,['Personality & Behaviour']
Generic Test Variant 160,https://www.shl.com/products/product-catalog/view/generic-variant-160/,SHL Generic Test Variant 160: General assessment for various roles.,10,No,Yes,['Personality & Behaviour']
Generic Test Variant 161,https://www.shl.com/products/product-catalog/view/generic-variant-161/,SHL Generic Test Variant 161: General assessment for various roles.,50,No,Yes,['Personality & Behaviour']
Generic Test Variant 162,https://www.shl.com/products/product-catalog/view/generic-variant-162/,SHL Generic Test Variant 162: General assessment for various roles.,65,Yes,Yes,['Knowledge & Skills']
Generic Test Variant 163,https://www.shl.com/products/product-catalog/view/generic-variant-163/,SHL Generic Test Variant 163: General assessment for various roles.,50,No,Yes,['Knowledge & Skills']
Generic Test Variant 164,https://www.shl.com/products/product-catalog/view/generic-variant-164/,SHL Generic Test Variant 164: General assessment for various roles.,45,Yes,Yes,['Knowledge & Skills']
Generic Test Variant 165,https://www.shl.com/products/product-catalog/view/generic-variant-165/,SHL Generic Test Variant 165: General assessment for various roles.,15,No,Yes,['Personality & Behaviour']
Generic Test Variant 166,https://www.shl.com/products/product-catalog/view/generic-variant-166/,SHL Generic Test Variant 166: General assessment for various roles.,25,Yes,Yes,['Personality & Behaviour']
Generic Test Variant 167,https://www.shl.com/products/product-catalog/view/generic-variant-167/,SHL Generic Test Variant 167: General assessment for various roles.,55,Yes,Yes,['Knowledge & Skills']
Generic Test Variant 168,https://www.shl.com/products/product-catalog/view/generic-variant-168/,SHL Generic Test Variant 168: General assessment for various roles.,60,No,Yes,['Personality & Behaviour']
Generic Test Variant 169,https://www.shl.com/products/product-catalog/view/generic-variant-169/,SHL Generic Test Variant 169: General assessment for various roles.,50,Yes,Yes,['Knowledge & Skills']
Generic Test Variant 170,https://www.shl.com/products/product-catalog/view/generic-variant-170/,SHL Generic Test Variant 170: General assessment for various roles.,55,No,Yes,['Personality & Behaviour']
Generic Test Variant 171,https://www.shl.com/products/product-catalog/view/generic-variant-171/,SHL Generic Test Variant 171: General assessment for various roles.,15,No,Yes,['Knowledge & Skills']
Generic Test Variant 172,https://www.shl.com/products/product-catalog/view/generic-variant-172/,SHL Generic Test Variant 172: General assessment for various roles.,45,Yes,Yes,['Personality & Behaviour']
Generic Test Variant 173,https://www.shl.com/products/product-catalog/view/generic-variant-173/,SHL Generic Test Variant 173: General assessment for various roles.,15,No,Yes,['Personality & Behaviour']
Generic Test Variant 174,https://www.shl.com/products/product-catalog/view/generic-variant-174/,SHL Generic Test Variant 174: General assessment for various roles.,65,No,Yes,['Personality & Behaviour']
Generic Test Variant 175,https://www.shl.com/products/product-catalog/view/generic-variant-175/,SHL Generic Test Variant 175: General assessment for various roles.,50,No,Yes,['Knowledge & Skills']
Generic Test Variant 176,https://www.shl.com/products/product-catalog/view/generic-variant-176/,SHL Generic Test Variant 176: General assessment for various roles.,30,No,Yes,['Knowledge & Skills']
Generic Test Variant 177,https://www.shl.com/products/product-catalog/view/generic-variant-177/,SHL Generic Test Variant 177: General assessment for various roles.,35,No,Yes,['Knowledge & Skills']
Generic Test Variant 178,https://www.shl.com/products/product-catalog/view/generic-variant-178/,SHL Generic Test Variant 178: General assessment for various roles.,65,Yes,Yes,['Personality & Behaviour']
Generic Test Variant 179,https://www.shl.com/products/product-catalog/view/generic-variant-179/,SHL Generic Test Variant 179: General assessment for various roles.,65,No,Yes,['Knowledge & Skills']
Generic Test Variant 180,https://www.shl.com/products/product-catalog/view/generic-variant-180/,SHL Generic Test Variant 180: General assessment for various roles.,15,No,Yes,['Knowledge & Skills']
Generic Test Variant 181,https://www.shl.com/products/product-catalog/view/generic-variant-181/,SHL Generic Test Variant 181: General assessment for various roles.,10,Yes,Yes,['Personality & Behaviour']
Generic Test Variant 182,https://www.shl.com/products/product-catalog/view/generic-variant-182/,SHL Generic Test Variant 182: General assessment for various roles.,30,Yes,Yes,['Personality & Behaviour']
Generic Test Variant 183,https://www.shl.com/products/product-catalog/view/generic-variant-183/,SHL Generic Test Variant 183: General assessment for various roles.,60,Yes,Yes,['Personality & Behaviour']
Generic Test Variant 184,https://www.shl.com/products/product-catalog/view/generic-variant-184/,SHL Generic Test Variant 184: General assessment for various roles.,25,No,Yes,['Knowledge & Skills']
Generic Test Variant 185,https://www.shl.com/products/product-catalog/view/generic-variant-185/,SHL Generic Test Variant 185: General assessment for various roles.,30,No,Yes,['Knowledge & Skills']
Generic Test Variant 186,https://www.shl.com/products/product-catalog/view/generic-variant-186/,SHL Generic Test Variant 186: General assessment for various roles.,55,No,Yes,['Knowledge & Skills']
Generic Test Variant 187,https://www.shl.com/products/product-catalog/view/generic-variant-187/,SHL Generic Test Variant 187: General assessment for various roles.,65,Yes,Yes,['Knowledge & Skills']
Generic Test Variant 188,https://www.shl.com/products/product-catalog/view/generic-variant-188/,SHL Generic Test Variant 188: General assessment for various roles.,35,No,Yes,['Knowledge & Skills']
Generic Test Variant 189,https://www.shl.com/products/product-catalog/view/generic-variant-189/,SHL Generic Test Variant 189: General assessment for various roles.,45,No,Yes,['Knowledge & Skills']
Generic Test Variant 190,https://www.shl.com/products/product-catalog/view/generic-variant-190/,SHL Generic Test Variant 190: General assessment for various roles.,10,Yes,Yes,['Knowledge & Skills']
Generic Test Variant 191,https://www.shl.com/products/product-catalog/view/generic-variant-191/,SHL Generic Test Variant 191: General assessment for various roles.,55,Yes,Yes,['Personality & Behaviour']
Generic Test Variant 192,https://www.shl.com/products/product-catalog/view/generic-variant-192/,SHL Generic Test Variant 192: General assessment for various roles.,25,No,Yes,['Knowledge & Skills']
Generic Test Variant 193,https://www.shl.com/products/product-catalog/view/generic-variant-193/,SHL Generic Test Variant 193: General assessment for various roles.,30,No,Yes,['Knowledge & Skills']
Generic Test Variant 194,https://www.shl.com/products/product-catalog/view/generic-variant-194/,SHL Generic Test Variant 194: General assessment for various roles.,55,Yes,Yes,['Knowledge & Skills']
Generic Test Variant 195,https://www.shl.com/products/product-catalog/view/generic-variant-195/,SHL Generic Test Variant 195: General assessment for various roles.,60,Yes,Yes,['Knowledge & Skills']
Generic Test Variant 196,https://www.shl.com/products/product-catalog/view/generic-variant-196/,SHL Generic Test Variant 196: General assessment for various roles.,65,Yes,Yes,['Personality & Behaviour']
Generic Test Variant 197,https://www.shl.com/products/product-catalog/view/generic-variant-197/,SHL Generic Test Variant 197: General assessment for various roles.,25,No,Yes,['Knowledge & Skills']
Generic Test Variant 198,https://www.shl.com/products/product-catalog/view/generic-variant-198/,SHL Generic Test Variant 198: General assessment for various roles.,10,No,Yes,['Personality & Behaviour']
Generic Test Variant 199,https://www.shl.com/products/product-catalog/view/generic-variant-199/,SHL Generic Test Variant 199: General assessment for various roles.,45,Yes,Yes,['Personality & Behaviour']
Generic Test Variant 200,https://www.shl.com/products/product-catalog/view/generic-variant-200/,SHL Generic Test Variant 200: General assessment for various roles.,40,No,Yes,['Knowledge & Skills']
Generic Test Variant 201,https://www.shl.com/products/product-catalog/view/generic-variant-201/,SHL Generic Test Variant 201: General assessment for various roles.,30,No,Yes,['Personality & Behaviour']
Generic Test Variant 202,https://www.shl.com/products/product-catalog/view/generic-variant-202/,SHL Generic Test Variant 202: General assessment for various roles.,15,Yes,Yes,['Personality & Behaviour']
Generic Test Variant 203,https://www.shl.com/products/product-catalog/view/generic-variant-203/,SHL Generic Test Variant 203: General assessment for various roles.,45,No,Yes,['Personality & Behaviour']
Generic Test Variant 204,https://www.shl.com/products/product-catalog/view/generic-variant-204/,SHL Generic Test Variant 204: General assessment for various roles.,65,Yes,Yes,['Personality & Behaviour']
Generic Test Variant 205,https://www.shl.com/products/product-catalog/view/generic-variant-205/,SHL Generic Test Variant 205: General assessment for various roles.,10,No,Yes,['Knowledge & Skills']
Generic Test Variant 206,https://www.shl.com/products/product-catalog/view/generic-variant-206/,SHL Generic Test Variant 206: General assessment for various roles.,30,No,Yes,['Personality & Behaviour']
Generic Test Variant 207,https://www.shl.com/products/product-catalog/view/generic-variant-207/,SHL Generic Test Variant 207: General assessment for various roles.,65,No,Yes,['Knowledge & Skills']
Generic Test Variant 208,https://www.shl.com/products/product-catalog/view/generic-variant-208/,SHL Generic Test Variant 208: General assessment for various roles.,30,Yes,Yes,['Knowledge & Skills']
Generic Test Variant 209,https://www.shl.com/products/product-catalog/view/generic-variant-209/,SHL Generic Test Variant 209: General assessment for various roles.,25,Yes,Yes,['Personality & Behaviour']
Generic Test Variant 210,https://www.shl.com/products/product-catalog/view/generic-variant-210/,SHL Generic Test Variant 210: General assessment for various roles.,20,No,Yes,['Knowledge & Skills']
Generic Test Variant 211,https://www.shl.com/products/product-catalog/view/generic-variant-211/,SHL Generic Test Variant 211: General assessment for various roles.,25,No,Yes,['Knowledge & Skills']
Generic Test Variant 212,https://www.shl.com/products/product-catalog/view/generic-variant-212/,SHL Generic Test Variant 212: General assessment for various roles.,10,Yes,Yes,['Personality & Behaviour']
Generic Test Variant 213,https://www.shl.com/products/product-catalog/view/generic-variant-213/,SHL Generic Test Variant 213: General assessment for various roles.,20,Yes,Yes,['Personality & Behaviour']
Generic Test Variant 214,https://www.shl.com/products/product-catalog/view/generic-variant-214/,SHL Generic Test Variant 214: General assessment for various roles.,10,No,Yes,['Personality & Behaviour']
Generic Test Variant 215,https://www.shl.com/products/product-catalog/view/generic-variant-215/,SHL Generic Test Variant 215: General assessment for various roles.,50,No,Yes,['Knowledge & Skills']
Generic Test Variant 216,https://www.shl.com/products/product-catalog/view/generic-variant-216/,SHL Generic Test Variant 216: General assessment for various roles.,10,Yes,Yes,['Knowledge & Skills']
Generic Test Variant 217,https://www.shl.com/products/product-catalog/view/generic-variant-217/,SHL Generic Test Variant 217: General assessment for various roles.,20,Yes,Yes,['Knowledge & Skills']
Generic Test Variant 218,https://www.shl.com/products/product-catalog/view/generic-variant-218/,SHL Generic Test Variant 218: General assessment for various roles.,10,Yes,Yes,['Personality & Behaviour']
Generic Test Variant 219,https://www.shl.com/products/product-catalog/view/generic-variant-219/,SHL Generic Test Variant 219: General assessment for various roles.,65,No,Yes,['Knowledge & Skills']
Generic Test Variant 220,https://www.shl.com/products/product-catalog/view/generic-variant-220/,SHL Generic Test Variant 220: General assessment for various roles.,30,Yes,Yes,['Knowledge & Skills']
Generic Test Variant 221,https://www.shl.com/products/product-catalog/view/generic-variant-221/,SHL Generic Test Variant 221: General assessment for various roles.,55,No,Yes,['Personality & Behaviour']
Generic Test Variant 222,https://www.shl.com/products/product-catalog/view/generic-variant-222/,SHL Generic Test Variant 222: General assessment for various roles.,30,Yes,Yes,['Knowledge & Skills']
Generic Test Variant 223,https://www.shl.com/products/product-catalog/view/generic-variant-223/,SHL Generic Test Variant 223: General assessment for various roles.,30,Yes,Yes,['Personality & Behaviour']
Generic Test Variant 224,https://www.shl.com/products/product-catalog/view/generic-variant-224/,SHL Generic Test Variant 224: General assessment for various roles.,35,Yes,Yes,['Knowledge & Skills']
Generic Test Variant 225,https://www.shl.com/products/product-catalog/view/generic-variant-225/,SHL Generic Test Variant 225: General assessment for various roles.,50,Yes,Yes,['Knowledge & Skills']
Generic Test Variant 226,https://www.shl.com/products/product-catalog/view/generic-variant-226/,SHL Generic Test Variant 226: General assessment for various roles.,25,No,Yes,['Knowledge & Skills']
Generic Test Variant 227,https://www.shl.com/products/product-catalog/view/generic-variant-227/,SHL Generic Test Variant 227: General assessment for various roles.,45,No,Yes,['Personality & Behaviour']
Generic Test Variant 228,https://www.shl.com/products/product-catalog/view/generic-variant-228/,SHL Generic Test Variant 228: General assessment for various roles.,30,No,Yes,['Personality & Behaviour']
Generic Test Variant 229,https://www.shl.com/products/product-catalog/view/generic-variant-229/,SHL Generic Test Variant 229: General assessment for various roles.,40,No,Yes,['Personality & Behaviour']
Generic Test Variant 230,https://www.shl.com/products/product-catalog/view/generic-variant-230/,SHL Generic Test Variant 230: General assessment for various roles.,35,No,Yes,['Personality & Behaviour']
Generic Test Variant 231,https://www.shl.com/products/product-catalog/view/generic-variant-231/,SHL Generic Test Variant 231: General assessment for various roles.,40,Yes,Yes,['Knowledge & Skills']
Generic Test Variant 232,https://www.shl.com/products/product-catalog/view/generic-variant-232/,SHL Generic Test Variant 232: General assessment for various roles.,15,Yes,Yes,['Personality & Behaviour']
Generic Test Variant 233,https://www.shl.com/products/product-catalog/view/generic-variant-233/,SHL Generic Test Variant 233: General assessment for various roles.,35,Yes,Yes,['Personality & Behaviour']
Generic Test Variant 234,https://www.shl.com/products/product-catalog/view/generic-variant-234/,SHL Generic Test Variant 234: General assessment for various roles.,50,Yes,Yes,['Knowledge & Skills']
Generic Test Variant 235,https://www.shl.com/products/product-catalog/view/generic-variant-235/,SHL Generic Test Variant 235: General assessment for various roles.,55,Yes,Yes,['Personality & Behaviour']
Generic Test Variant 236,https://www.shl.com/products/product-catalog/view/generic-variant-236/,SHL Generic Test Variant 236: General assessment for various roles.,45,No,Yes,['Knowledge & Skills']
Generic Test Variant 237,https://www.shl.com/products/product-catalog/view/generic-variant-237/,SHL Generic Test Variant 237: General assessment for various roles.,65,Yes,Yes,['Knowledge & Skills']
Generic Test Variant 238,https://www.shl.com/products/product-catalog/view/generic-variant-238/,SHL Generic Test Variant 238: General assessment for various roles.,40,Yes,Yes,['Personality & Behaviour']
Generic Test Variant 239,https://www.shl.com/products/product-catalog/view/generic-variant-239/,SHL Generic Test Variant 239: General assessment for various roles.,20,Yes,Yes,['Knowledge & Skills']
Generic Test Variant 240,https://www.shl.com/products/product-catalog/view/generic-variant-240/,SHL Generic Test Variant 240: General assessment for various roles.,65,No,Yes,['Personality & Behaviour']
Generic Test Variant 241,https://www.shl.com/products/product-catalog/view/generic-variant-241/,SHL Generic Test Variant 241: General assessment for various roles.,40,Yes,Yes,['Personality & Behaviour']
Generic Test Variant 242,https://www.shl.com/products/product-catalog/view/generic-variant-242/,SHL Generic Test Variant 242: General assessment for various roles.,25,No,Yes,['Knowledge & Skills']
Generic Test Variant 243,https://www.shl.com/products/product-catalog/view/generic-variant-243/,SHL Generic Test Variant 243: General assessment for various roles.,10,No,Yes,['Knowledge & Skills']
Generic Test Variant 244,https://www.shl.com/products/product-catalog/view/generic-variant-244/,SHL Generic Test Variant 244: General assessment for various roles.,50,Yes,Yes,['Knowledge & Skills']
Generic Test Variant 245,https://www.shl.com/products/product-catalog/view/generic-variant-245/,SHL Generic Test Variant 245: General assessment for various roles.,30,Yes,Yes,['Knowledge & Skills']
Generic Test Variant 246,https://www.shl.com/products/product-catalog/view/generic-variant-246/,SHL Generic Test Variant 246: General assessment for various roles.,55,No,Yes,['Knowledge & Skills']
Generic Test Variant 247,https://www.shl.com/products/product-catalog/view/generic-variant-247/,SHL Generic Test Variant 247: General assessment for various roles.,65,Yes,Yes,['Knowledge & Skills']
Generic Test Variant 248,https://www.shl.com/products/product-catalog/view/generic-variant-248/,SHL Generic Test Variant 248: General assessment for various roles.,55,No,Yes,['Knowledge & Skills']
Generic Test Variant 249,https://www.shl.com/products/product-catalog/view/generic-variant-249/,SHL Generic Test Variant 249: General assessment for various roles.,15,Yes,Yes,['Personality & Behaviour']
Generic Test Variant 250,https://www.shl.com/products/product-catalog/view/generic-variant-250/,SHL Generic Test Variant 250: General assessment for various roles.,65,Yes,Yes,['Personality & Behaviour']
Generic Test Variant 251,https://www.shl.com/products/product-catalog/view/generic-variant-251/,SHL Generic Test Variant 251: General assessment for various roles.,40,Yes,Yes,['Knowledge & Skills']
Generic Test Variant 252,https://www.shl.com/products/product-catalog/view/generic-variant-252/,SHL Generic Test Variant 252: General assessment for various roles.,10,No,Yes,['Personality & Behaviour']
Generic Test Variant 253,https://www.shl.com/products/product-catalog/view/generic-variant-253/,SHL Generic Test Variant 253: General assessment for various roles.,10,No,Yes,['Knowledge & Skills']
Generic Test Variant 254,https://www.shl.com/products/product-catalog/view/generic-variant-254/,SHL Generic Test Variant 254: General assessment for various roles.,10,No,Yes,['Knowledge & Skills']
Generic Test Variant 255,https://www.shl.com/products/product-catalog/view/generic-variant-255/,SHL Generic Test Variant 255: General assessment for various roles.,55,No,Yes,['Personality & Behaviour']
Generic Test Variant 256,https://www.shl.com/products/product-catalog/view/generic-variant-256/,SHL Generic Test Variant 256: General assessment for various roles.,45,Yes,Yes,['Personality & Behaviour']
Generic Test Variant 257,https://www.shl.com/products/product-catalog/view/generic-variant-257/,SHL Generic Test Variant 257: General assessment for various roles.,60,Yes,Yes,['Knowledge & Skills']
Generic Test Variant 258,https://www.shl.com/products/product-catalog/view/generic-variant-258/,SHL Generic Test Variant 258: General assessment for various roles.,35,Yes,Yes,['Knowledge & Skills']
Generic Test Variant 259,https://www.shl.com/products/product-catalog/view/generic-variant-259/,SHL Generic Test Variant 259: General assessment for various roles.,20,Yes,Yes,['Personality & Behaviour']
Generic Test Variant 260,https://www.shl.com/products/product-catalog/view/generic-variant-260/,SHL Generic Test Variant 260: General assessment for various roles.,30,No,Yes,['Knowledge & Skills']
Generic Test Variant 261,https://www.shl.com/products/product-catalog/view/generic-variant-261/,SHL Generic Test Variant 261: General assessment for various roles.,55,Yes,Yes,['Personality & Behaviour']
Generic Test Variant 262,https://www.shl.com/products/product-catalog/view/generic-variant-262/,SHL Generic Test Variant 262: General assessment for various roles.,55,No,Yes,['Knowledge & Skills']
Generic Test Variant 263,https://www.shl.com/products/product-catalog/view/generic-variant-263/,SHL Generic Test Variant 263: General assessment for various roles.,35,Yes,Yes,['Knowledge & Skills']
Generic Test Variant 264,https://www.shl.com/products/product-catalog/view/generic-variant-264/,SHL Generic Test Variant 264: General assessment for various roles.,45,No,Yes,['Knowledge & Skills']
Generic Test Variant 265,https://www.shl.com/products/product-catalog/view/generic-variant-265/,SHL Generic Test Variant 265: General assessment for various roles.,25,No,Yes,['Knowledge & Skills']
Generic Test Variant 266,https://www.shl.com/products/product-catalog/view/generic-variant-266/,SHL Generic Test Variant 266: General assessment for various roles.,15,No,Yes,['Personality & Behaviour']
Generic Test Variant 267,https://www.shl.com/products/product-catalog/view/generic-variant-267/,SHL Generic Test Variant 267: General assessment for various roles.,20,Yes,Yes,['Personality & Behaviour']
Generic Test Variant 268,https://www.shl.com/products/product-catalog/view/generic-variant-268/,SHL Generic Test Variant 268: General assessment for various roles.,40,No,Yes,['Personality & Behaviour']
Generic Test Variant 269,https://www.shl.com/products/product-catalog/view/generic-variant-269/,SHL Generic Test Variant 269: General assessment for various roles.,15,Yes,Yes,['Knowledge & Skills']
Generic Test Variant 270,https://www.shl.com/products/product-catalog/view/generic-variant-270/,SHL Generic Test Variant 270: General assessment for various roles.,40,Yes,Yes,['Knowledge & Skills']
Generic Test Variant 271,https://www.shl.com/products/product-catalog/view/generic-variant-271/,SHL Generic Test Variant 271: General assessment for various roles.,25,Yes,Yes,['Personality & Behaviour']
Generic Test Variant 272,https://www.shl.com/products/product-catalog/view/generic-variant-272/,SHL Generic Test Variant 272: General assessment for various roles.,15,Yes,Yes,['Knowledge & Skills']
Generic Test Variant 273,https://www.shl.com/products/product-catalog/view/generic-variant-273/,SHL Generic Test Variant 273: General assessment for various roles.,20,Yes,Yes,['Knowledge & Skills']
Generic Test Variant 274,https://www.shl.com/products/product-catalog/view/generic-variant-274/,SHL Generic Test Variant 274: General assessment for various roles.,60,Yes,Yes,['Personality & Behaviour']
Generic Test Variant 275,https://www.shl.com/products/product-catalog/view/generic-variant-275/,SHL Generic Test Variant 275: General assessment for various roles.,35,Yes,Yes,['Personality & Behaviour']
Generic Test Variant 276,https://www.shl.com/products/product-catalog/view/generic-variant-276/,SHL Generic Test Variant 276: General assessment for various roles.,60,No,Yes,['Personality & Behaviour']
Generic Test Variant 277,https://www.shl.com/products/product-catalog/view/generic-variant-277/,SHL Generic Test Variant 277: General assessment for various roles.,15,Yes,Yes,['Personality & Behaviour']
Generic Test Variant 278,https://www.shl.com/products/product-catalog/view/generic-variant-278/,SHL Generic Test Variant 278: General assessment for various roles.,10,No,Yes,['Personality & Behaviour']
Generic Test Variant 279,https://www.shl.com/products/product-catalog/view/generic-variant-279/,SHL Generic Test Variant 279: General assessment for various roles.,15,No,Yes,['Personality & Behaviour']
Generic Test Variant 280,https://www.shl.com/products/product-catalog/view/generic-variant-280/,SHL Generic Test Variant 280: General assessment for various roles.,65,Yes,Yes,['Knowledge & Skills']
Generic Test Variant 281,https://www.shl.com/products/product-catalog/view/generic-variant-281/,SHL Generic Test Variant 281: General assessment for various roles.,10,No,Yes,['Personality & Behaviour']
Generic Test Variant 282,https://www.shl.com/products/product-catalog/view/generic-variant-282/,SHL Generic Test Variant 282: General assessment for various roles.,20,Yes,Yes,['Knowledge & Skills']
Generic Test Variant 283,https://www.shl.com/products/product-catalog/view/generic-variant-283/,SHL Generic Test Variant 283: General assessment for various roles.,15,No,Yes,['Knowledge & Skills']
Generic Test Variant 284,https://www.shl.com/products/product-catalog/view/generic-variant-284/,SHL Generic Test Variant 284: General assessment for various roles.,10,Yes,Yes,['Knowledge & Skills']
Generic Test Variant 285,https://www.shl.com/products/product-catalog/view/generic-variant-285/,SHL Generic Test Variant 285: General assessment for various roles.,60,Yes,Yes,['Knowledge & Skills']
Generic Test Variant 286,https://www.shl.com/products/product-catalog/view/generic-variant-286/,SHL Generic Test Variant 286: General assessment for various roles.,40,Yes,Yes,['Knowledge & Skills']
Generic Test Variant 287,https://www.shl.com/products/product-catalog/view/generic-variant-287/,SHL Generic Test Variant 287: General assessment for various roles.,50,Yes,Yes,['Knowledge & Skills']
Generic Test Variant 288,https://www.shl.com/products/product-catalog/view/generic-variant-288/,SHL Generic Test Variant 288: General assessment for various roles.,50,No,Yes,['Knowledge & Skills']
Generic Test Variant 289,https://www.shl.com/products/product-catalog/view/generic-variant-289/,SHL Generic Test Variant 289: General assessment for various roles.,10,Yes,Yes,['Knowledge & Skills']
Generic Test Variant 290,https://www.shl.com/products/product-catalog/view/generic-variant-290/,SHL Generic Test Variant 290: General assessment for various roles.,10,Yes,Yes,['Knowledge & Skills']
Generic Test Variant 291,https://www.shl.com/products/product-catalog/view/generic-variant-291/,SHL Generic Test Variant 291: General assessment for various roles.,35,No,Yes,['Knowledge & Skills']
Generic Test Variant 292,https://www.shl.com/products/product-catalog/view/generic-variant-292/,SHL Generic Test Variant 292: General assessment for various roles.,40,Yes,Yes,['Personality & Behaviour']
Generic Test Variant 293,https://www.shl.com/products/product-catalog/view/generic-variant-293/,SHL Generic Test Variant 293: General assessment for various roles.,35,Yes,Yes,['Knowledge & Skills']
Generic Test Variant 294,https://www.shl.com/products/product-catalog/view/generic-variant-294/,SHL Generic Test Variant 294: General assessment for various roles.,35,No,Yes,['Knowledge & Skills']
Generic Test Variant 295,https://www.shl.com/products/product-catalog/view/generic-variant-295/,SHL Generic Test Variant 295: General assessment for various roles.,65,Yes,Yes,['Personality & Behaviour']
Generic Test Variant 296,https://www.shl.com/products/product-catalog/view/generic-variant-296/,SHL Generic Test Variant 296: General assessment for various roles.,20,Yes,Yes,['Knowledge & Skills']
Generic Test Variant 297,https://www.shl.com/products/product-catalog/view/generic-variant-297/,SHL Generic Test Variant 297: General assessment for various roles.,60,No,Yes,['Personality & Behaviour']
Generic Test Variant 298,https://www.shl.com/products/product-catalog/view/generic-variant-298/,SHL Generic Test Variant 298: General assessment for various roles.,20,No,Yes,['Knowledge & Skills']
Generic Test Variant 299,https://www.shl.com/products/product-catalog/view/generic-variant-299/,SHL Generic Test Variant 299: General assessment for various roles.,40,Yes,Yes,['Personality & Behaviour']
Generic Test Variant 300,https://www.shl.com/products/product-catalog/view/generic-variant-300/,SHL Generic Test Variant 300: General assessment for various roles.,50,Yes,Yes,['Knowledge & Skills']
Generic Test Variant 301,https://www.shl.com/products/product-catalog/view/generic-variant-301/,SHL Generic Test Variant 301: General assessment for various roles.,40,Yes,Yes,['Knowledge & Skills']
Generic Test Variant 302,https://www.shl.com/products/product-catalog/view/generic-variant-302/,SHL Generic Test Variant 302: General assessment for various roles.,65,Yes,Yes,['Knowledge & Skills']
Generic Test Variant 303,https://www.shl.com/products/product-catalog/view/generic-variant-303/,SHL Generic Test Variant 303: General assessment for various roles.,20,No,Yes,['Knowledge & Skills']
Generic Test Variant 304,https://www.shl.com/products/product-catalog/view/generic-variant-304/,SHL Generic Test Variant 304: General assessment for various roles.,65,No,Yes,['Knowledge & Skills']
Generic Test Variant 305,https://www.shl.com/products/product-catalog/view/generic-variant-305/,SHL Generic Test Variant 305: General assessment for various roles.,55,Yes,Yes,['Personality & Behaviour']
Generic Test Variant 306,https://www.shl.com/products/product-catalog/view/generic-variant-306/,SHL Generic Test Variant 306: General assessment for various roles.,35,Yes,Yes,['Knowledge & Skills']
Generic Test Variant 307,https://www.shl.com/products/product-catalog/view/generic-variant-307/,SHL Generic Test Variant 307: General assessment for various roles.,65,Yes,Yes,['Personality & Behaviour']
Generic Test Variant 308,https://www.shl.com/products/product-catalog/view/generic-variant-308/,SHL Generic Test Variant 308: General assessment for various roles.,30,No,Yes,['Personality & Behaviour']
Generic Test Variant 309,https://www.shl.com/products/product-catalog/view/generic-variant-309/,SHL Generic Test Variant 309: General assessment for various roles.,60,Yes,Yes,['Personality & Behaviour']
Generic Test Variant 310,https://www.shl.com/products/product-catalog/view/generic-variant-310/,SHL Generic Test Variant 310: General assessment for various roles.,60,Yes,Yes,['Personality & Behaviour']
Generic Test Variant 311,https://www.shl.com/products/product-catalog/view/generic-variant-311/,SHL Generic Test Variant 311: General assessment for various roles.,50,No,Yes,['Knowledge & Skills']
Generic Test Variant 312,https://www.shl.com/products/product-catalog/view/generic-variant-312/,SHL Generic Test Variant 312: General assessment for various roles.,60,Yes,Yes,['Knowledge & Skills']
Generic Test Variant 313,https://www.shl.com/products/product-catalog/view/generic-variant-313/,SHL Generic Test Variant 313: General assessment for various roles.,10,No,Yes,['Knowledge & Skills']
Generic Test Variant 314,https://www.shl.com/products/product-catalog/view/generic-variant-314/,SHL Generic Test Variant 314: General assessment for various roles.,15,No,Yes,['Personality & Behaviour']
Generic Test Variant 315,https://www.shl.com/products/product-catalog/view/generic-variant-315/,SHL Generic Test Variant 315: General assessment for various roles.,65,Yes,Yes,['Knowledge & Skills']
Generic Test Variant 316,https://www.shl.com/products/product-catalog/view/generic-variant-316/,SHL Generic Test Variant 316: General assessment for various roles.,35,Yes,Yes,['Knowledge & Skills']
Generic Test Variant 317,https://www.shl.com/products/product-catalog/view/generic-variant-317/,SHL Generic Test Variant 317: General assessment for various roles.,65,No,Yes,['Personality & Behaviour']
Generic Test Variant 318,https://www.shl.com/products/product-catalog/view/generic-variant-318/,SHL Generic Test Variant 318: General assessment for various roles.,20,No,Yes,['Personality & Behaviour']
Generic Test Variant 319,https://www.shl.com/products/product-catalog/view/generic-variant-319/,SHL Generic Test Variant 319: General assessment for various roles.,25,No,Yes,['Personality & Behaviour']
Generic Test Variant 320,https://www.shl.com/products/product-catalog/view/generic-variant-320/,SHL Generic Test Variant 320: General assessment for various roles.,25,No,Yes,['Knowledge & Skills']
Generic Test Variant 321,https://www.shl.com/products/product-catalog/view/generic-variant-321/,SHL Generic Test Variant 321: General assessment for various roles.,50,Yes,Yes,['Knowledge & Skills']
Generic Test Variant 322,https://www.shl.com/products/product-catalog/view/generic-variant-322/,SHL Generic Test Variant 322: General assessment for various roles.,15,No,Yes,['Knowledge & Skills']
Generic Test Variant 323,https://www.shl.com/products/product-catalog/view/generic-variant-323/,SHL Generic Test Variant 323: General assessment for various roles.,30,No,Yes,['Personality & Behaviour']
